place_id,name,address,lat,lng
ChIJY-rwFJ91sjURlJjxNZmWbxA,Gaohang Health Station,"7JW4+2R8, Jin Gao Lu, Pu Dong Xin Qu",31.295049,121.607066
ChIJ7dZmtyBxsjURzn0qJLcG9-Q,Rongcheng Community Health Service Station,"6GR9+GMV, Chang Yi Lu, Pu Dong Xin Qu",31.24137019999999,121.5191785
ChIJFfDeMXlxsjURKt9K0JaigM0,Chifeng Community Family Clinic,"密云路471弄3号甲, Mi Yun Lu, Hong Kou Qu",31.282578,121.494902
ChIJzU_JlbJ1sjURk5oMMcyoKnA,Pujiang Dongxu Health Service Station,"7HVM+CMX, Lai Yang Lu, Pu Dong Xin Qu",31.293623,121.584244
ChIJ65A8saF6sjURGmg5ei4kkvA,上海交通大学医学院附属瑞金医院,"197 Rui Jin Er Lu, Huang Pu Qu",31.21062,121.467361
ChIJ2TMlIgZwsjURlGITCvDK4rQ,Shanghai First Maternity and Infant Hospital Out-patients Building,"536 Chang Le Lu, Jing An Qu",31.22003,121.456521
ChIJm3QlUhVwsjURk63f0Uo9sOU,Shanghai Changzheng Hospital,"415 Feng Yang Lu, Huang Pu Qu",31.23285,121.467218
ChIJ3QX9ubd6sjURz02iX-DQ-Xo,复旦大学附属中山医院,"180 Feng Lin Lu, Xu Hui Qu",31.1976343,121.4547657
ChIJezPBIgZwsjURB5GGB_rzMCI,Baby Friendly Hospital,"同济大学附属第一妇婴保健院, 536 Chang Le Lu, Jing An Qu",31.220027,121.456398
ChIJ1-3Uf35DsjURyiC-U7qu5rE,"The Health Station of Qianjin Village, Anting Town","85HF+FHF, Jia An Gong Lu, Jia Ding Qu",31.32868029999999,121.1739076
ChIJhSXS9MVksjURu7lJQP40VHI,Shiba Hospital Fare Clinic,"9788 Hu Min Lu, Xu Hui Qu, Shang Hai Shi",31.166952,121.434011
ChIJ2Yt6j8dlsjURkC9DE7K2xvw,长宁区中心医院-发热门诊,"695G+HJ3, Changning District",31.208879,121.376532
ChIJ1yRR81RlsjURK7LTtOhYWe4,华山医院综合楼,"乌鲁木齐中路12号, Jing An Qu, Shang Hai Shi",31.21602,121.443144
ChIJl_z0pttxsjURKo37l3PMXHI,"International Emergency Assistance, Ministry of Health, the People's Republic of China Network Hospital","301 Yan Chang Zhong Lu, 闸北区",31.271786,121.453929
ChIJayK5UKVwsjUROlzyabMAHbc,Renji Hospital Affiliated to Shanghai Jiaotong University School of Medicine,"1630 Dong Fang Lu, Pu Dong Xin Qu",31.207179,121.525056
ChIJR863Wz1ysjUR7KP5oKJCy-0,Shanghai Fuda Hospital,"场中路628号, Hong Kou Qu",31.30613,121.469507
ChIJpQKQw5FxsjURCMqKupOF7A8,海军上海保障基地医院,"652 Shui Dian Lu, Hong Kou Qu",31.28216,121.475923
ChIJd2e2MjxlsjURGOAt5PwBWK0,上海交通大学附属胸科医院,"241 Huai Hai Xi Lu, Xu Hui Qu",31.198245,121.42569
ChIJlwzsEVxwsjURIsfhfVgvmDI,仁济医院食堂西部,"145 Shan Dong Zhong Lu, Huang Pu Qu",31.23365,121.484474
ChIJQ0cWLwNwsjURzRev0sofOt4,市儿童保健所,"24 北京西路1400弄, Jing An Qu",31.22895699999999,121.448644
ChIJzfjZ51RlsjURelOa2F-6TDc,Huashan Hospital,"12 Wu Lu Mu Qi Zhong Lu, Jing An Qu",31.216624,121.443046
ChIJqTU3M6x6sjURSFIyxrmHogI,复旦大学附属眼耳鼻喉科医院,"19 Bao Qing Lu, Xu Hui Qu",31.210224,121.450231
ChIJc0Fdt49zsjURg9eENcuKYcs,Changhai Hospital of Shanghai,"168 Chang Hai Lu, Yang Pu Qu",31.309271,121.525418
ChIJT1pm7M16sjURCgynYc9OidQ,Longhua Hospital Affiliated to Shanghai University of Traditional Chinese Medicine,China,31.18797000000001,121.450117
ChIJ3QX9ubd6sjURLcpQNCbdmvU,Zhongshan Hospital Fudan University,"111 Yi Xue Yuan Lu, Xu Hui Qu",31.19884699999999,121.453345
ChIJv0lK7cdlsjURLHCiv04x09Q,Shanghai United Family Hospital and Clinics,"1139 Xian Xia Lu, Chang Ning Qu",31.208276,121.376323
ChIJNYLcxc56sjURRf50GiiM0bM,Fudan University Attached Tumor Hospital,"399 Ling Ling Lu, Xu Hui Qu",31.190624,121.4531
ChIJ1efgBjB2sjURc7a1anD44UM,Recovery Clinics,"6JF8+HHW, Pudong",31.22399699999999,121.616444
ChIJXYEjsZxjsjURQowsVMQ2fyA,Children's Hospital of Fudan University,"399 Wan Yuan Lu, Min Hang Qu",31.139468,121.395243
ChIJA3lzJqpxsjURXfbihuLqwjE,Shanghai First People's Hospital North Branch,"100 Hai Ning Lu, Hong Kou Qu",31.25335499999999,121.489276
ChIJxyOPwzZlsjUR-2g33DA4BQs,国际和平妇幼保健院服务部,"衡山路910号, Xu Hui Qu, Shang Hai Shi",31.195646,121.439399
ChIJ4ZHr8t1ksjURnBTzhx9B5kQ,Shanghai Sixth People's Hospital,"600 Yi Shan Lu, Xu Hui Qu",31.177675,121.423371
ChIJlwzsEVxwsjUR8yD3xLoHymA,Renji Hospital,"145 Shan Dong Zhong Lu, Huang Pu Qu",31.233608,121.48446
ChIJ5x1Bo0J2sjURKzHB3-aWIQ8,Fudan University Affiliated Huashan Hospital East Hospital Area,"525 Hong Feng Lu, Pu Dong Xin Qu",31.239668,121.595225
ChIJTUKB_8VzsjUR0_yLd0zuo_w,Tongji University Affiliated Shanghai Pulmonary Hospital,"507 Zheng Min Lu, Yang Pu Qu",31.30129799999999,121.502771
ChIJLTrceFIN9xQRyrX_peRRH3I,Shanghai The Obstetrics And Gynecology Hospital Affiliated to Fudan University,"128 Shen Yang Lu, Yang Pu Qu",31.25965,121.534629
ChIJT4tnLpl6sjURIKegwvyHn1c,Ruijin Hospital,"573 Xu Jia Hui Lu, Huang Pu Qu",31.206507,121.471901
ChIJwSRTjIBxsjURKXCc8fR4jIw,"Yueyang Hospital, Shanghai University of Traditional Chinese Medicine","110 Gan He Lu, Hong Kou Qu",31.289165,121.488271
ChIJ820xsAZ6sjURgCPwdZLzY3Q,第九人民医院,"严镇路166号, Pu Dong Xin Qu, Shang Hai Shi",31.19163000000001,121.530729
ChIJl3C07QNxsjURriYywVugS6I,上海联合移民体检中心,"东长治路505号, Hong Kou Qu, Shang Hai Shi",31.250436,121.498211
ChIJO6MdN0NlsjURE1pxYFTtplo,上海市皮肤病医院,"武夷路200号, Chang Ning Qu",31.213409,121.426828
ChIJmYhwzpxjsjURRGIJ1smvFtk,Children's Hospital of Fudan University （East Gate）,"49QW+RF5, Wan Yuan Lu, Min Hang Qu",31.1395059,121.3962483
ChIJGYicEPhysjURqnzmEP2xUoM,Tangqiao Community Health Service Station,"8FMJ+J72, Baoshan",31.334014,121.480628
ChIJE7Ir1yZ6sjUR0zhoXvHKZlU,Huayang,"5G9M+JG3, Dong Shu Fang Lu, Pu Dong Xin Qu",31.169019,121.533803
ChIJufwUBVhhsjUR8ux9fQ6VxE0,Huayang,"三八路26号, 七宝三八路, Min Hang Qu",31.150802,121.35355
ChIJB03B4d-IrTURinaim1wTuec,Huayang,"544 Cheng Nan Lu, Chuansha, Pu Dong Xin Qu",31.190866,121.696814
ChIJWbcyEktxsjURlqUNshiKplY,红房子妇产科医院杨浦院区,"沈阳路128号, Yang Pu Qu",31.25961,121.534578
ChIJcygxQldisjURIn0uekSvIw8,Kezhihao,"104 Teng Chong Lu, Min Hang Qu",31.099721,121.395467
ChIJL5y5wtJ1sjURwn7fzH49b90,Kezhihao,"-1、10, 8 Shou Guang Lu, Pu Dong Xin Qu",31.27227,121.58402
ChIJYzpfC9J6sjURxUvnK0movno,龙华医院门诊部,"725 Wan Ping Nan Lu, Wantiguan, Xu Hui Qu",31.186734,121.4500137
ChIJ-1bOvAxksjURrUQDpSeGH6I,Qibao Community Health Service Center,"596G+H8W, Hong Xin Lu, Min Hang Qu",31.161476,121.375838
ChIJ7WTExZ56sjUR0FPAfQlWjXo,Shanghai Taikuntang Traditional Chinese Medicine Hospital,"553 Xie Xu Lu, 打浦桥, Huang Pu Qu",31.207528,121.472213
ChIJc0A-Cl9FsjURpQa2GIjPbzY,嘉定区精神卫生中心,"701 望安路, Jia Ding Qu",31.346989,121.147167
ChIJz1xfDvtlsjURB-uLtYwavj0,Xincun Community Health Service Station,"1479 Tong Pu Lu, Pu Tuo Qu",31.23366499999999,121.361775
ChIJ8ZjleFuIsjURZmHK15ByTik,Minhang Voluntary Zixing Psychosis Kangfuyuan,"2CH8+GJ8, Deng Hui Lu, Min Hang Qu",31.02879799999999,121.416568
ChIJGR4P4MVwsjURWu8z8mb58Jo,Shanghai Changhang Hospital,"523 Lao Shan Lu, Pu Dong Xin Qu",31.2278916,121.5224568
ChIJM_gs9VhtsjURR89GOdi5ivw,Community Health Service Center of Yanghang Town,"239 Yang Tai Lu, Bao Shan Qu",31.37121900000001,121.444179
ChIJua7busNwsjUR5k_CecB-ZEQ,Arrail Dental,"500 Zhang Yang Lu, Pu Dong Xin Qu",31.227179,121.517877
ChIJ8zY3M6x6sjURCiGWWvwDk0s,Shanghai Ophthalmology Linchuang Quality Control Center,"19 Bao Qing Lu, Xu Hui Qu",31.210207,121.45037
ChIJQwNCQM75sjUR8kYiToxA6Sc,Huqing Out-patient Department,"15弄2 Xiang Ning Bang Lu, Qing Pu Qu, Shang Hai Shi",31.10835890000001,121.0663905
